-- Seed data for parenting_platform (extended)
-- Passwords: admin=admin123, parents=123456 (BCrypt)

SET FOREIGN_KEY_CHECKS = 0;
TRUNCATE TABLE file_object;
TRUNCATE TABLE content_audit;
TRUNCATE TABLE content_report;
TRUNCATE TABLE post_comment;
TRUNCATE TABLE post_tag_rel;
TRUNCATE TABLE post;
TRUNCATE TABLE post_tag;
TRUNCATE TABLE post_topic;
TRUNCATE TABLE post_category;
TRUNCATE TABLE growth_metric;
TRUNCATE TABLE growth_log;
TRUNCATE TABLE baby_profile;
TRUNCATE TABLE sys_user;
SET FOREIGN_KEY_CHECKS = 1;

-- Users
INSERT INTO sys_user (id, username, password, role, status, display_name, avatar_path, last_login_at, created_at, updated_at, deleted)
VALUES
(1, 'admin', '$2b$10$ElXScHL00UXjLdOsF9pnLOoWGTjONjPwh215VYJlVT4GgEkNFlmJu', 2, 1, '系统管理员', NULL, NULL, '2025-12-01 09:00:00', '2025-12-01 09:00:00', 0),
(2, 'parent1', '$2b$10$vSu2Vl4icQMlyrPJ0Qdxleo/Yf1gAZ.pbBq26cO9TBPBpUf9SyUjK', 1, 1, '家长一', NULL, NULL, '2025-12-02 09:00:00', '2025-12-02 09:00:00', 0),
(3, 'parent2', '$2b$10$vSu2Vl4icQMlyrPJ0Qdxleo/Yf1gAZ.pbBq26cO9TBPBpUf9SyUjK', 1, 1, '家长二', NULL, NULL, '2025-12-02 10:00:00', '2025-12-02 10:00:00', 0),
(4, 'parent3', '$2b$10$vSu2Vl4icQMlyrPJ0Qdxleo/Yf1gAZ.pbBq26cO9TBPBpUf9SyUjK', 1, 1, '家长三', NULL, NULL, '2025-12-03 10:00:00', '2025-12-03 10:00:00', 0),
(5, 'parent4', '$2b$10$vSu2Vl4icQMlyrPJ0Qdxleo/Yf1gAZ.pbBq26cO9TBPBpUf9SyUjK', 1, 1, '家长四', NULL, NULL, '2025-12-04 10:00:00', '2025-12-04 10:00:00', 0),
(6, 'parent5', '$2b$10$vSu2Vl4icQMlyrPJ0Qdxleo/Yf1gAZ.pbBq26cO9TBPBpUf9SyUjK', 1, 2, '家长五', NULL, NULL, '2025-12-05 10:00:00', '2025-12-05 10:00:00', 0),
(7, 'admin2', '$2b$10$ElXScHL00UXjLdOsF9pnLOoWGTjONjPwh215VYJlVT4GgEkNFlmJu', 2, 1, '管理员二', NULL, NULL, '2025-12-06 09:00:00', '2025-12-06 09:00:00', 0),
(8, 'parent6', '$2b$10$vSu2Vl4icQMlyrPJ0Qdxleo/Yf1gAZ.pbBq26cO9TBPBpUf9SyUjK', 1, 1, '家长六', NULL, NULL, '2025-12-06 10:00:00', '2025-12-06 10:00:00', 0),
(9, 'parent7', '$2b$10$vSu2Vl4icQMlyrPJ0Qdxleo/Yf1gAZ.pbBq26cO9TBPBpUf9SyUjK', 1, 1, '家长七', NULL, NULL, '2025-12-07 10:00:00', '2025-12-07 10:00:00', 0),
(10, 'parent8', '$2b$10$vSu2Vl4icQMlyrPJ0Qdxleo/Yf1gAZ.pbBq26cO9TBPBpUf9SyUjK', 1, 1, '家长八', NULL, NULL, '2025-12-08 10:00:00', '2025-12-08 10:00:00', 0);

-- Baby profiles
INSERT INTO baby_profile (id, user_id, name, gender, birthday, relation, avatar_path, note, created_at, updated_at, deleted)
VALUES
(1, 2, '宝宝A', 2, '2024-05-12', '妈妈', NULL, '第一个宝宝', '2025-12-10 09:00:00', '2025-12-10 09:00:00', 0),
(2, 2, '宝宝B', 1, '2023-11-20', '妈妈', NULL, NULL, '2025-12-10 09:10:00', '2025-12-10 09:10:00', 0),
(3, 3, '宝宝C', 1, '2024-01-05', '爸爸', NULL, NULL, '2025-12-11 10:00:00', '2025-12-11 10:00:00', 0),
(4, 4, '宝宝D', 2, '2023-09-18', '妈妈', NULL, NULL, '2025-12-12 10:00:00', '2025-12-12 10:00:00', 0),
(5, 5, '宝宝E', 0, NULL, '监护人', NULL, '生日未知', '2025-12-13 10:00:00', '2025-12-13 10:00:00', 0),
(6, 8, '宝宝F', 1, '2024-08-01', '妈妈', NULL, NULL, '2025-12-14 10:00:00', '2025-12-14 10:00:00', 0),
(7, 9, '宝宝G', 2, '2023-12-25', '爸爸', NULL, NULL, '2025-12-15 10:00:00', '2025-12-15 10:00:00', 0),
(8, 10, '宝宝H', 1, '2024-02-14', '妈妈', NULL, NULL, '2025-12-16 10:00:00', '2025-12-16 10:00:00', 0);

-- Growth logs (log_type: 1 feeding, 2 sleep, 3 illness, 4 milestone, 5 measurement, 6 other)
INSERT INTO growth_log (id, user_id, baby_id, log_type, title, content, log_time, created_at, updated_at, deleted)
VALUES
(1, 2, 1, 1, '喂养记录', '奶量 120ml', '2025-12-20 08:30:00', '2025-12-20 08:30:00', '2025-12-20 08:30:00', 0),
(2, 2, 1, 2, '睡眠记录', '睡了 9 小时', '2025-12-20 21:30:00', '2025-12-20 21:30:00', '2025-12-20 21:30:00', 0),
(3, 2, 1, 5, '测量记录', '身高体重测量', '2025-12-21 09:00:00', '2025-12-21 09:00:00', '2025-12-21 09:00:00', 0),
(4, 3, 3, 4, '里程碑', '第一次说话', '2025-12-22 09:00:00', '2025-12-22 09:00:00', '2025-12-22 09:00:00', 0),
(5, 4, 4, 3, '生病记录', '轻微发热', '2025-12-23 11:00:00', '2025-12-23 11:00:00', '2025-12-23 11:00:00', 0),
(6, 5, 5, 6, '其他记录', '户外活动', '2025-12-24 08:00:00', '2025-12-24 08:00:00', '2025-12-24 08:00:00', 0),
(7, 8, 6, 1, '喂养记录', '配方奶 150ml', '2025-12-24 09:00:00', '2025-12-24 09:00:00', '2025-12-24 09:00:00', 0),
(8, 9, 7, 2, '睡眠记录', '睡了 8 小时', '2025-12-24 20:00:00', '2025-12-24 20:00:00', '2025-12-24 20:00:00', 0),
(9, 10, 8, 5, '测量记录', '仅测量体重', '2026-01-10 09:00:00', '2026-01-10 09:00:00', '2026-01-10 09:00:00', 0),
(10, 3, 3, 1, '喂养记录', '母乳喂养', '2026-01-03 08:00:00', '2026-01-03 08:00:00', '2026-01-03 08:00:00', 0),
(11, 3, 3, 2, '睡眠记录', '睡了 10 小时', '2026-01-04 21:00:00', '2026-01-04 21:00:00', '2026-01-04 21:00:00', 0),
(12, 4, 4, 4, '里程碑', '第一次走路', '2026-01-05 10:00:00', '2026-01-05 10:00:00', '2026-01-05 10:00:00', 0);

-- Growth metrics (metric_type: 1 height, 2 weight, 3 head, 4 temperature, 5 other)
INSERT INTO growth_metric (id, user_id, baby_id, source_log_id, metric_type, metric_value, unit, recorded_at, note, created_at, updated_at, deleted)
VALUES
(1, 2, 1, 3, 1, 68.5, 'cm', '2025-12-21 09:00:00', NULL, '2025-12-21 09:00:00', '2025-12-21 09:00:00', 0),
(2, 2, 1, 3, 2, 8.20, 'kg', '2025-12-21 09:00:00', NULL, '2025-12-21 09:00:00', '2025-12-21 09:00:00', 0),
(3, 10, 8, 9, 2, 8.60, 'kg', '2026-01-10 09:00:00', NULL, '2026-01-10 09:00:00', '2026-01-10 09:00:00', 0),
(4, 4, 4, 5, 4, 37.80, 'C', '2025-12-23 11:00:00', '发热', '2025-12-23 11:00:00', '2025-12-23 11:00:00', 0),
(5, 3, 3, NULL, 3, 41.20, 'cm', '2026-01-04 10:00:00', NULL, '2026-01-04 10:00:00', '2026-01-04 10:00:00', 0),
(6, 8, 6, NULL, 5, 2.50, 'kg', '2026-01-02 10:00:00', '玩具重量', '2026-01-02 10:00:00', '2026-01-02 10:00:00', 0);

-- Categories (status: 1 enabled, 2 disabled)
INSERT INTO post_category (id, name, description, sort_order, status, created_at, updated_at, deleted)
VALUES
(1, '喂养', '喂养技巧', 1, 1, '2025-12-01 09:00:00', '2025-12-01 09:00:00', 0),
(2, '睡眠', '睡眠指导', 2, 1, '2025-12-01 09:00:00', '2025-12-01 09:00:00', 0),
(3, '健康', '健康护理', 3, 1, '2025-12-01 09:00:00', '2025-12-01 09:00:00', 0),
(4, '教育', '成长教育', 4, 1, '2025-12-01 09:00:00', '2025-12-01 09:00:00', 0),
(5, '技巧', '日常小技巧', 5, 1, '2025-12-01 09:00:00', '2025-12-01 09:00:00', 0),
(6, '已禁用', '禁用分类', 6, 2, '2025-12-02 09:00:00', '2025-12-02 09:00:00', 0);

-- Topics
INSERT INTO post_topic (id, name, description, status, created_at, updated_at, deleted)
VALUES
(1, '新手爸妈', '新手爸妈交流', 1, '2025-12-01 09:00:00', '2025-12-01 09:00:00', 0),
(2, '经验分享', '经验交流分享', 1, '2025-12-01 09:00:00', '2025-12-01 09:00:00', 0),
(3, '求助问答', '提问与解答', 1, '2025-12-01 09:00:00', '2025-12-01 09:00:00', 0),
(4, '已禁用', '禁用话题', 2, '2025-12-02 09:00:00', '2025-12-02 09:00:00', 0);

-- Tags
INSERT INTO post_tag (id, name, created_at, updated_at, deleted)
VALUES
(1, '母乳', '2025-12-01 09:00:00', '2025-12-01 09:00:00', 0),
(2, '配方奶', '2025-12-01 09:00:00', '2025-12-01 09:00:00', 0),
(3, '疫苗', '2025-12-01 09:00:00', '2025-12-01 09:00:00', 0),
(4, '身高', '2025-12-01 09:00:00', '2025-12-01 09:00:00', 0),
(5, '体重', '2025-12-01 09:00:00', '2025-12-01 09:00:00', 0),
(6, '睡眠', '2025-12-01 09:00:00', '2025-12-01 09:00:00', 0),
(7, '生病', '2025-12-01 09:00:00', '2025-12-01 09:00:00', 0),
(8, '里程碑', '2025-12-01 09:00:00', '2025-12-01 09:00:00', 0),
(9, '教育', '2025-12-01 09:00:00', '2025-12-01 09:00:00', 0),
(10, '户外', '2025-12-01 09:00:00', '2025-12-01 09:00:00', 0);

-- Posts (status: 1 published, 2 pending, 3 hidden, 4 rejected, 5 blocked)
INSERT INTO post (id, user_id, category_id, topic_id, title, content, status, comment_count, created_at, updated_at, deleted)
VALUES
(1, 2, 1, 1, '6个月喂养经验', '一些喂养小贴士...', 1, 3, '2025-12-15 10:00:00', '2025-12-15 10:00:00', 0),
(2, 3, 2, 2, '夜间睡眠作息', '分享睡眠安排...', 1, 1, '2025-12-16 10:00:00', '2025-12-16 10:00:00', 0),
(3, 4, 3, 3, '疫苗提醒', '接种时间与注意事项', 1, 2, '2025-12-17 10:00:00', '2025-12-17 10:00:00', 0),
(4, 5, 4, 2, '早教玩具清单', '适合年龄的玩具推荐...', 2, 0, '2025-12-18 10:00:00', '2025-12-18 10:00:00', 0),
(5, 6, 5, 1, '日常小技巧', '给家长的实用建议', 2, 0, '2025-12-19 10:00:00', '2025-12-19 10:00:00', 0),
(6, 2, 3, 3, '发热护理记录', '发热处理方法', 3, 0, '2025-12-20 10:00:00', '2025-12-20 10:00:00', 0),
(7, 3, 1, 1, '喂养常见问题', '常见问题解答', 4, 0, '2025-12-21 11:00:00', '2025-12-21 11:00:00', 0),
(8, 4, 2, 2, '睡眠训练方法', '方法分享', 5, 0, '2025-12-22 12:00:00', '2025-12-22 12:00:00', 0),
(9, 8, 5, 1, '户外活动', '多去户外晒太阳', 1, 1, '2025-12-23 13:00:00', '2025-12-23 13:00:00', 0),
(10, 9, 4, 2, '学习卡片', '颜色卡片与认知练习', 1, 0, '2025-12-24 14:00:00', '2025-12-24 14:00:00', 0),
(11, 10, 3, 3, '流感季提示', '注意保暖', 1, 1, '2025-12-25 15:00:00', '2025-12-25 15:00:00', 0),
(12, 2, 1, 1, '喂养复盘', '体检后的喂养调整', 1, 0, '2026-01-05 10:00:00', '2026-01-05 10:00:00', 0);

-- Post tags
INSERT INTO post_tag_rel (id, post_id, tag_id)
VALUES
(1, 1, 1),
(2, 1, 2),
(3, 1, 5),
(4, 2, 6),
(5, 3, 3),
(6, 3, 7),
(7, 4, 9),
(8, 5, 10),
(9, 6, 7),
(10, 9, 10),
(11, 10, 9),
(12, 11, 3),
(13, 12, 1);

-- Comments (status: 1 published, 2 hidden, 3 deleted)
INSERT INTO post_comment (id, post_id, user_id, parent_id, reply_to_user_id, content, status, created_at, updated_at, deleted)
VALUES
(1, 1, 3, NULL, NULL, '感谢分享', 1, '2025-12-15 12:00:00', '2025-12-15 12:00:00', 0),
(2, 1, 4, 1, 3, '同意你的观点', 1, '2025-12-15 12:10:00', '2025-12-15 12:10:00', 0),
(3, 2, 2, NULL, NULL, '作息很实用', 1, '2025-12-16 12:00:00', '2025-12-16 12:00:00', 0),
(4, 3, 5, NULL, NULL, '很重要的提醒', 1, '2025-12-17 12:00:00', '2025-12-17 12:00:00', 0),
(5, 3, 8, 4, 5, '有不同看法', 2, '2025-12-17 12:05:00', '2025-12-17 12:05:00', 0),
(6, 9, 9, NULL, NULL, '我们也喜欢户外', 1, '2025-12-23 15:00:00', '2025-12-23 15:00:00', 0),
(7, 11, 2, NULL, NULL, '注意保暖', 1, '2025-12-25 16:00:00', '2025-12-25 16:00:00', 0),
(8, 1, 8, 2, 4, '回复一下', 3, '2025-12-15 12:20:00', '2025-12-15 12:20:00', 0);

-- Reports (reason: 1 spam,2 abuse,3 privacy,4 illegal,5 false,6 other)
INSERT INTO content_report (id, reporter_id, post_id, comment_id, reason, reason_desc, status, handled_by, handled_at, handle_result, handle_note, created_at, updated_at, deleted)
VALUES
(1, 2, 3, NULL, 5, '可能有误导信息', 1, NULL, NULL, NULL, NULL, '2025-12-18 09:00:00', '2025-12-18 09:00:00', 0),
(2, 3, NULL, 5, 2, '言语不当', 2, 1, '2025-12-19 09:00:00', 4, '已警告', '2025-12-19 08:30:00', '2025-12-19 09:00:00', 0),
(3, 4, 8, NULL, 1, '垃圾内容', 2, 7, '2025-12-22 09:00:00', 2, '已隐藏帖子', '2025-12-22 08:30:00', '2025-12-22 09:00:00', 0),
(4, 5, NULL, 2, 6, '其他原因', 3, 1, '2025-12-23 09:00:00', 1, '忽略处理', '2025-12-23 08:30:00', '2025-12-23 09:00:00', 0);

-- Audits (action: 1 approve,2 reject,3 block,4 hide,5 restore)
INSERT INTO content_audit (id, operator_id, post_id, comment_id, report_id, action, reason, created_at)
VALUES
(1, 1, NULL, 5, 2, 4, '隐藏评论', '2025-12-19 09:00:00'),
(2, 7, 8, NULL, 3, 4, '隐藏帖子', '2025-12-22 09:00:00'),
(3, 1, 7, NULL, NULL, 2, '驳回帖子', '2025-12-21 12:00:00');

-- Files (optional sample)
INSERT INTO file_object (id, owner_id, biz_type, biz_id, original_name, file_name, file_path, mime_type, size, created_at)
VALUES
(1, 2, 3, NULL, '头像.png', 'avatar-1.png', '/uploads/avatar-1.png', 'image/png', 20480, '2025-12-12 10:00:00'),
(2, 3, 1, 1, '帖子图片.jpg', 'post-1.jpg', '/uploads/post-1.jpg', 'image/jpeg', 51200, '2025-12-16 11:00:00'),
(3, 4, 2, 5, '日志照片.jpg', 'log-5.jpg', '/uploads/log-5.jpg', 'image/jpeg', 45000, '2025-12-23 11:05:00');
