-- ============================================================
-- 育儿社区 真实模拟数据 (seed.sql)
-- 密码: admin=admin123, 普通用户=123456 (BCrypt)
-- ============================================================

SET FOREIGN_KEY_CHECKS = 0;
TRUNCATE TABLE file_object;
TRUNCATE TABLE content_audit;
TRUNCATE TABLE content_report;
TRUNCATE TABLE post_comment;
TRUNCATE TABLE post_tag_rel;
TRUNCATE TABLE post;
TRUNCATE TABLE post_tag;
TRUNCATE TABLE post_topic;
TRUNCATE TABLE post_category;
TRUNCATE TABLE growth_metric;
TRUNCATE TABLE growth_log;
TRUNCATE TABLE baby_profile;
TRUNCATE TABLE sys_user;
SET FOREIGN_KEY_CHECKS = 1;

-- ============================================================
-- 用户 (10人: 2管理员 + 8家长)
-- ============================================================
INSERT INTO sys_user (id, username, password, role, status, display_name, avatar_path, last_login_at, created_at, updated_at, deleted) VALUES
(1, 'admin',   '$2a$10$ElXScHL00UXjLdOsF9pnLOoWGTjONjPwh215VYJlVT4GgEkNFlmJu', 2, 1, '韩雨(管理员)', 'https://images.unsplash.com/photo-1472099645785-5658abf4ff4e?w=100&h=100&fit=crop', NOW(), '2025-10-01 09:00:00', '2025-10-01 09:00:00', 0),
(2, 'liming',  '$2a$10$vSu2Vl4icQMlyrPJ0Qdxleo/Yf1gAZ.pbBq26cO9TBPBpUf9SyUjK', 1, 1, '李明', 'https://images.unsplash.com/photo-1507003211169-0a1dd7228f2d?w=100&h=100&fit=crop', NULL, '2025-10-05 14:20:00', '2025-10-05 14:20:00', 0),
(3, 'zhangwei','$2a$10$vSu2Vl4icQMlyrPJ0Qdxleo/Yf1gAZ.pbBq26cO9TBPBpUf9SyUjK', 1, 1, '张薇',  'https://images.unsplash.com/photo-1438761681033-6461ffad8d80?w=100&h=100&fit=crop', NULL, '2025-10-08 10:15:00', '2025-10-08 10:15:00', 0),
(4, 'wangfang','$2a$10$vSu2Vl4icQMlyrPJ0Qdxleo/Yf1gAZ.pbBq26cO9TBPBpUf9SyUjK', 1, 1, '王芳',  'https://images.unsplash.com/photo-1544005313-94ddf0286df2?w=100&h=100&fit=crop', NULL, '2025-10-12 08:30:00', '2025-10-12 08:30:00', 0),
(5, 'liuyang', '$2a$10$vSu2Vl4icQMlyrPJ0Qdxleo/Yf1gAZ.pbBq26cO9TBPBpUf9SyUjK', 1, 1, '刘洋',  'https://images.unsplash.com/photo-1500648767791-00dcc994a43e?w=100&h=100&fit=crop', NULL, '2025-10-20 16:45:00', '2025-10-20 16:45:00', 0),
(6, 'chenjie', '$2a$10$vSu2Vl4icQMlyrPJ0Qdxleo/Yf1gAZ.pbBq26cO9TBPBpUf9SyUjK', 1, 1, '陈洁',  'https://images.unsplash.com/photo-1494790108377-be9c29b29330?w=100&h=100&fit=crop', NULL, '2025-11-01 09:00:00', '2025-11-01 09:00:00', 0),
(7, 'admin2',  '$2a$10$ElXScHL00UXjLdOsF9pnLOoWGTjONjPwh215VYJlVT4GgEkNFlmJu', 2, 1, '后台运营', NULL, NULL, '2025-11-05 09:00:00', '2025-11-05 09:00:00', 0),
(8, 'zhaoyun', '$2a$10$vSu2Vl4icQMlyrPJ0Qdxleo/Yf1gAZ.pbBq26cO9TBPBpUf9SyUjK', 1, 1, '赵云',  'https://images.unsplash.com/photo-1506794778202-cad84cf45f1d?w=100&h=100&fit=crop', NULL, '2025-11-10 11:30:00', '2025-11-10 11:30:00', 0),
(9, 'sunli',   '$2a$10$vSu2Vl4icQMlyrPJ0Qdxleo/Yf1gAZ.pbBq26cO9TBPBpUf9SyUjK', 1, 1, '孙丽',  'https://images.unsplash.com/photo-1580489944761-15a19d654956?w=100&h=100&fit=crop', NULL, '2025-11-15 14:00:00', '2025-11-15 14:00:00', 0),
(10,'zhoubin', '$2a$10$vSu2Vl4icQMlyrPJ0Qdxleo/Yf1gAZ.pbBq26cO9TBPBpUf9SyUjK', 1, 2, '周斌',  NULL, NULL, '2025-11-20 10:00:00', '2025-11-20 10:00:00', 0);

-- ============================================================
-- 宝宝档案 (8个宝宝)
-- ============================================================
INSERT INTO baby_profile (id, user_id, name, gender, birthday, relation, avatar_path, note, created_at, updated_at, deleted) VALUES
(1, 2, '李悦悦', 2, '2024-05-12', '爸爸', 'https://images.unsplash.com/photo-1519689373023-dd07c7988603?w=200&h=200&fit=crop', '活泼可爱的小公主，喜欢听音乐', '2025-10-06 09:00:00', '2025-10-06 09:00:00', 0),
(2, 2, '李浩宇', 1, '2023-11-20', '爸爸', 'https://images.unsplash.com/photo-1503454537195-1dcabb73ffb9?w=200&h=200&fit=crop', '大宝，对恐龙特别感兴趣', '2025-10-06 09:10:00', '2025-10-06 09:10:00', 0),
(3, 3, '张一诺', 1, '2024-01-05', '妈妈', 'https://images.unsplash.com/photo-1504006833117-8886a355efbf?w=200&h=200&fit=crop', '性格温和，爱笑的宝宝', '2025-10-09 10:00:00', '2025-10-09 10:00:00', 0),
(4, 4, '王小雅', 2, '2023-09-18', '妈妈', 'https://images.unsplash.com/photo-1515488764276-beab7607c1e6?w=200&h=200&fit=crop', '好奇心强，喜欢探索新事物', '2025-10-13 10:00:00', '2025-10-13 10:00:00', 0),
(5, 5, '刘思远', 1, '2024-03-08', '爸爸', 'https://images.unsplash.com/photo-1491013516836-7db643ee125a?w=200&h=200&fit=crop', '早产一周，目前发育正常', '2025-10-21 10:00:00', '2025-10-21 10:00:00', 0),
(6, 6, '陈果果', 2, '2024-08-01', '妈妈', 'https://images.unsplash.com/photo-1544776193-352d25ca82cd?w=200&h=200&fit=crop', '小月龄宝宝', '2025-11-02 10:00:00', '2025-11-02 10:00:00', 0),
(7, 8, '赵天意', 1, '2023-12-25', '爸爸', 'https://images.unsplash.com/photo-1489710437720-ebb67ec84dd2?w=200&h=200&fit=crop', '圣诞宝宝', '2025-11-11 10:00:00', '2025-11-11 10:00:00', 0),
(8, 9, '孙小柠', 2, '2024-02-14', '妈妈', 'https://images.unsplash.com/photo-1529397938791-2aba4681454f?w=200&h=200&fit=crop', '情人节出生的小可爱', '2025-11-16 10:00:00', '2025-11-16 10:00:00', 0);

-- ============================================================
-- 成长日志 (25条, log_type: 1喂养 2睡眠 3生病 4里程碑 5测量 6其他)
-- ============================================================
INSERT INTO growth_log (id, user_id, baby_id, log_type, title, content, log_time, created_at, updated_at, deleted) VALUES
(1,  2, 1, 1, '早晨喂奶记录', '今天早上7点母乳亲喂，左右各15分钟，宝宝吃得很香。之后拍嗝顺利，没有吐奶。', '2025-12-20 07:30:00', '2025-12-20 07:30:00', '2025-12-20 07:30:00', 0),
(2,  2, 1, 2, '午睡记录', '中午12点入睡，睡了2个小时。睡前读了绘本《猜猜我有多爱你》，很快就睡着了。', '2025-12-20 12:00:00', '2025-12-20 12:00:00', '2025-12-20 12:00:00', 0),
(3,  2, 1, 5, '6月龄体检测量', '带宝宝去社区医院做了6月龄体检。医生说发育指标都在正常范围内，继续保持母乳喂养。', '2025-12-21 09:00:00', '2025-12-21 09:00:00', '2025-12-21 09:00:00', 0),
(4,  2, 1, 4, '第一次翻身成功！', '今天下午趴着玩的时候，突然自己从俯卧翻到了仰卧！全家人都特别激动，录了好几段视频。', '2025-12-25 15:30:00', '2025-12-25 15:30:00', '2025-12-25 15:30:00', 0),
(5,  2, 2, 1, '辅食尝试-南瓜泥', '大宝今天第一次尝试南瓜泥辅食，蒸熟研磨后加了少量母乳调稀。吃了大约30ml，表情很陶醉。', '2025-12-22 11:00:00', '2025-12-22 11:00:00', '2025-12-22 11:00:00', 0),
(6,  3, 3, 4, '第一次叫"妈妈"', '今天早上一诺看着我清晰地喊了"妈妈"！虽然可能还不完全理解意思，但听到那一刻热泪盈眶。', '2025-12-22 08:00:00', '2025-12-22 08:00:00', '2025-12-22 08:00:00', 0),
(7,  3, 3, 5, '11月龄体检', '体重9.8kg，身高76cm，头围45.5cm。医生建议增加蛋白质摄入，可以开始尝试碎肉了。', '2026-01-05 10:00:00', '2026-01-05 10:00:00', '2026-01-05 10:00:00', 0),
(8,  4, 4, 3, '宝宝轻微发热', '下午量体温37.8°C，精神还好但有点粘人。给了退热贴，多喂水。如果明天还没退烧就去医院。', '2025-12-23 15:00:00', '2025-12-23 15:00:00', '2025-12-23 15:00:00', 0),
(9,  4, 4, 4, '宝宝会自己走路了！', '从扶着沙发走到今天终于迈出了独立的几步！虽然走了三步就坐地上了，但这是巨大的进步！', '2026-01-05 10:00:00', '2026-01-05 10:00:00', '2026-01-05 10:00:00', 0),
(10, 5, 5, 1, '奶粉喂养记录', '今天一共喂了5次，每次150ml爱他美3段。中间加了一次苹果泥，吃了大半碗。', '2025-12-24 20:00:00', '2025-12-24 20:00:00', '2025-12-24 20:00:00', 0),
(11, 5, 5, 2, '宝宝整夜不醒', '今天晚上7点半入睡，第二天早上6点才醒！整整10个半小时没有醒来，睡眠训练终于见效了！', '2025-12-25 06:00:00', '2025-12-25 06:00:00', '2025-12-25 06:00:00', 0),
(12, 6, 6, 1, '纯母乳喂养第4个月', '陈果果目前纯母乳喂养，每天6-7次。今天称重4.8kg，比出生时增长了2.3kg，增长曲线良好。', '2025-12-28 09:00:00', '2025-12-28 09:00:00', '2025-12-28 09:00:00', 0),
(13, 6, 6, 6, '第一次去游泳馆', '带果果去了婴儿游泳馆，在水里手脚划动得很开心！教练说她的水性很好，建议每周来一次。', '2026-01-02 14:00:00', '2026-01-02 14:00:00', '2026-01-02 14:00:00', 0),
(14, 8, 7, 5, '1岁生日体检', '赵天意满1岁啦！身高77cm，体重10.2kg，12颗牙齿。各项发育指标均在中上水平。', '2025-12-25 10:00:00', '2025-12-25 10:00:00', '2025-12-25 10:00:00', 0),
(15, 8, 7, 4, '会说"爸爸"和"抱抱"了', '天意现在能说简单的叠词了，最常说的是"爸爸"和"抱抱"，听到就特别开心。', '2026-01-08 18:00:00', '2026-01-08 18:00:00', '2026-01-08 18:00:00', 0),
(16, 9, 8, 1, '添加蛋黄辅食', '小柠今天第一次尝试蛋黄，从四分之一个开始。吃了之后观察了两个小时，没有过敏反应。', '2026-01-10 11:00:00', '2026-01-10 11:00:00', '2026-01-10 11:00:00', 0),
(17, 9, 8, 3, '湿疹复发', '这几天天气干燥，小柠脸颊和手臂的湿疹又冒出来了。涂了医生开的地奈德乳膏，配合保湿。', '2026-01-12 09:00:00', '2026-01-12 09:00:00', '2026-01-12 09:00:00', 0),
(18, 2, 1, 1, '开始添加辅食-米粉', '悦悦满6个月了，今天开始第一口辅食！用嘉宝有机米粉调成糊状，她吃了几口就不太愿意了。', '2026-01-15 11:30:00', '2026-01-15 11:30:00', '2026-01-15 11:30:00', 0),
(19, 3, 3, 2, '睡眠倒退期', '一诺这一周突然夜醒增多，从之前的一觉到天亮变成了半夜醒2-3次。可能是出牙引起的。', '2026-01-18 22:00:00', '2026-01-18 22:00:00', '2026-01-18 22:00:00', 0),
(20, 4, 4, 6, '公园户外活动', '带小雅去公园玩了一下午，她特别喜欢看鸽子和小松鼠。在草地上爬来爬去不肯回家。', '2026-01-20 16:00:00', '2026-01-20 16:00:00', '2026-01-20 16:00:00', 0);

-- ============================================================
-- 成长指标 (metric_type: 1身高 2体重 3头围 4体温)
-- ============================================================
INSERT INTO growth_metric (id, user_id, baby_id, source_log_id, metric_type, metric_value, unit, recorded_at, note, created_at, updated_at, deleted) VALUES
-- 李悦悦 (baby 1) 
(1,  2, 1, 3,    1, 68.50, 'cm', '2025-12-21 09:00:00', '6月龄体检',   '2025-12-21 09:00:00', '2025-12-21 09:00:00', 0),
(2,  2, 1, 3,    2, 8.20,  'kg', '2025-12-21 09:00:00', '6月龄体检',   '2025-12-21 09:00:00', '2025-12-21 09:00:00', 0),
(3,  2, 1, 3,    3, 42.50, 'cm', '2025-12-21 09:00:00', '6月龄体检',   '2025-12-21 09:00:00', '2025-12-21 09:00:00', 0),
(4,  2, 1, NULL, 1, 70.20, 'cm', '2026-01-15 10:00:00', '7月龄测量',   '2026-01-15 10:00:00', '2026-01-15 10:00:00', 0),
(5,  2, 1, NULL, 2, 8.65,  'kg', '2026-01-15 10:00:00', '7月龄测量',   '2026-01-15 10:00:00', '2026-01-15 10:00:00', 0),
-- 李浩宇 (baby 2)
(6,  2, 2, NULL, 1, 87.00, 'cm', '2025-12-20 10:00:00', '2岁1月',     '2025-12-20 10:00:00', '2025-12-20 10:00:00', 0),
(7,  2, 2, NULL, 2, 12.50, 'kg', '2025-12-20 10:00:00', '2岁1月',     '2025-12-20 10:00:00', '2025-12-20 10:00:00', 0),
-- 张一诺 (baby 3)
(8,  3, 3, 7,    1, 76.00, 'cm', '2026-01-05 10:00:00', '11月龄体检', '2026-01-05 10:00:00', '2026-01-05 10:00:00', 0),
(9,  3, 3, 7,    2, 9.80,  'kg', '2026-01-05 10:00:00', '11月龄体检', '2026-01-05 10:00:00', '2026-01-05 10:00:00', 0),
(10, 3, 3, 7,    3, 45.50, 'cm', '2026-01-05 10:00:00', '11月龄体检', '2026-01-05 10:00:00', '2026-01-05 10:00:00', 0),
-- 王小雅 (baby 4)
(11, 4, 4, 8,    4, 37.80, '°C', '2025-12-23 15:00:00', '发热',       '2025-12-23 15:00:00', '2025-12-23 15:00:00', 0),
(12, 4, 4, NULL, 1, 78.50, 'cm', '2026-01-10 10:00:00', '15月龄测量', '2026-01-10 10:00:00', '2026-01-10 10:00:00', 0),
(13, 4, 4, NULL, 2, 10.10, 'kg', '2026-01-10 10:00:00', '15月龄测量', '2026-01-10 10:00:00', '2026-01-10 10:00:00', 0),
-- 刘思远 (baby 5)
(14, 5, 5, NULL, 1, 72.00, 'cm', '2025-12-28 10:00:00', '9月龄测量',  '2025-12-28 10:00:00', '2025-12-28 10:00:00', 0),
(15, 5, 5, NULL, 2, 9.20,  'kg', '2025-12-28 10:00:00', '9月龄测量',  '2025-12-28 10:00:00', '2025-12-28 10:00:00', 0),
-- 陈果果 (baby 6)
(16, 6, 6, NULL, 2, 4.80,  'kg', '2025-12-28 09:00:00', '4月龄称重',  '2025-12-28 09:00:00', '2025-12-28 09:00:00', 0),
(17, 6, 6, NULL, 1, 60.50, 'cm', '2025-12-28 09:00:00', '4月龄测量',  '2025-12-28 09:00:00', '2025-12-28 09:00:00', 0),
-- 赵天意 (baby 7)
(18, 8, 7, 14,   1, 77.00, 'cm', '2025-12-25 10:00:00', '1岁生日体检', '2025-12-25 10:00:00', '2025-12-25 10:00:00', 0),
(19, 8, 7, 14,   2, 10.20, 'kg', '2025-12-25 10:00:00', '1岁生日体检', '2025-12-25 10:00:00', '2025-12-25 10:00:00', 0),
-- 孙小柠 (baby 8)
(20, 9, 8, NULL, 1, 73.00, 'cm', '2026-01-10 10:00:00', '11月龄测量',  '2026-01-10 10:00:00', '2026-01-10 10:00:00', 0),
(21, 9, 8, NULL, 2, 9.50,  'kg', '2026-01-10 10:00:00', '11月龄测量',  '2026-01-10 10:00:00', '2026-01-10 10:00:00', 0);

-- ============================================================
-- 分类 + 话题 + 标签
-- ============================================================
INSERT INTO post_category (id, name, description, sort_order, status, created_at, updated_at, deleted) VALUES
(1, '喂养营养',  '母乳、奶粉、辅食等喂养相关经验分享', 1, 1, '2025-10-01 09:00:00', '2025-10-01 09:00:00', 0),
(2, '睡眠作息',  '睡眠训练、作息规律、夜醒问题讨论',   2, 1, '2025-10-01 09:00:00', '2025-10-01 09:00:00', 0),
(3, '健康护理',  '疫苗接种、常见疾病护理、就医经验',   3, 1, '2025-10-01 09:00:00', '2025-10-01 09:00:00', 0),
(4, '早教启蒙',  '绘本推荐、玩具选择、认知发展',       4, 1, '2025-10-01 09:00:00', '2025-10-01 09:00:00', 0),
(5, '日常分享',  '带娃日常、趣事记录、亲子时光',       5, 1, '2025-10-01 09:00:00', '2025-10-01 09:00:00', 0);

INSERT INTO post_topic (id, name, description, status, created_at, updated_at, deleted) VALUES
(1, '新手爸妈必看',   '新手爸妈的入门指南和常见问题', 1, '2025-10-01 09:00:00', '2025-10-01 09:00:00', 0),
(2, '经验交流',       '过来人的实战经验分享',         1, '2025-10-01 09:00:00', '2025-10-01 09:00:00', 0),
(3, '求助与问答',     '遇到问题向大家求助',           1, '2025-10-01 09:00:00', '2025-10-01 09:00:00', 0),
(4, '成长里程碑',     '记录宝宝的每一个重要时刻',     1, '2025-10-01 09:00:00', '2025-10-01 09:00:00', 0),
(5, '好物推荐',       '实用母婴好物推荐',             1, '2025-10-01 09:00:00', '2025-10-01 09:00:00', 0);

INSERT INTO post_tag (id, name, created_at, updated_at, deleted) VALUES
(1,  '母乳喂养',   '2025-10-01 09:00:00', '2025-10-01 09:00:00', 0),
(2,  '配方奶',     '2025-10-01 09:00:00', '2025-10-01 09:00:00', 0),
(3,  '辅食添加',   '2025-10-01 09:00:00', '2025-10-01 09:00:00', 0),
(4,  '疫苗接种',   '2025-10-01 09:00:00', '2025-10-01 09:00:00', 0),
(5,  '睡眠训练',   '2025-10-01 09:00:00', '2025-10-01 09:00:00', 0),
(6,  '出牙',       '2025-10-01 09:00:00', '2025-10-01 09:00:00', 0),
(7,  '发育指标',   '2025-10-01 09:00:00', '2025-10-01 09:00:00', 0),
(8,  '绘本推荐',   '2025-10-01 09:00:00', '2025-10-01 09:00:00', 0),
(9,  '亲子游戏',   '2025-10-01 09:00:00', '2025-10-01 09:00:00', 0),
(10, '湿疹护理',   '2025-10-01 09:00:00', '2025-10-01 09:00:00', 0);

-- ============================================================
-- 帖子 (15篇, status: 1published 2pending)
-- ============================================================
INSERT INTO post (id, user_id, category_id, topic_id, title, content, status, comment_count, created_at, updated_at, deleted) VALUES
(1,  2, 1, 1, '新手爸爸的母乳喂养支持指南',
'作为一个新手爸爸，我想和大家分享在母乳喂养过程中爸爸能做的事情。\n\n1. 夜奶期间主动承担拍嗝和换尿不湿的工作\n2. 学会正确的抱姿，帮妈妈调整哺乳姿势\n3. 准备好吸奶器、储奶袋等工具\n4. 做好家务和饮食后勤保障\n5. 关注妈妈的心理状态，及时给予鼓励\n\n母乳喂养不是妈妈一个人的事，爸爸的参与和支持同样重要！',
1, 4, '2025-12-15 10:00:00', '2025-12-15 10:00:00', 0),

(2,  3, 2, 2, '11个月宝宝睡眠作息时间表分享',
'一诺现在11个月了，经过几个月的调整，终于形成了比较稳定的作息：\n\n上午：7:00起床 → 8:00早餐 → 9:30-10:30上午小睡\n下午：12:00午餐 → 13:00-15:00午睡 → 15:30点心\n晚上：17:30晚餐 → 18:30洗澡 → 19:00睡前仪式 → 19:30入睡\n\n关键是保持每天固定的睡前仪式：洗澡→按摩→换睡袋→读绘本→关灯。坚持了一个月后夜醒明显减少了。',
1, 2, '2025-12-16 10:00:00', '2025-12-16 10:00:00', 0),

(3,  4, 3, 1, '0-1岁疫苗接种时间表和注意事项',
'整理了一份完整的疫苗接种清单，希望对新手爸妈有帮助：\n\n出生：卡介苗、乙肝疫苗第1剂\n1月龄：乙肝疫苗第2剂\n2月龄：脊灰灭活疫苗第1剂、13价肺炎球菌疫苗第1剂\n3月龄：百白破疫苗第1剂、脊灰减毒疫苗第1剂\n4月龄：百白破第2剂、脊灰第2剂\n\n接种前注意事项：确保宝宝身体健康、不发热、不腹泻。接种后在观察室等待30分钟。',
1, 3, '2025-12-17 10:00:00', '2025-12-17 10:00:00', 0),

(4,  5, 4, 5, '9个月宝宝早教玩具推荐清单',
'刘思远现在9个月，分享几个他最喜欢的玩具：\n\n1. 叠叠乐套圈 - 锻炼手眼协调能力\n2. 触感球套装 - 不同材质刺激触觉发展\n3. 布质翻翻书 - 撕不烂，随便啃咬\n4. 木质敲敲琴 - 音乐启蒙\n5. 形状配对盒 - 认知几何形状\n\n选玩具最重要的是安全无毒，适龄即可，不用买太贵的品牌。',
1, 1, '2025-12-18 10:00:00', '2025-12-18 10:00:00', 0),

(5,  6, 5, 4, '陈果果4个月成长记录',
'不知不觉果果已经4个月了，记录一下她的成长变化：\n\n身体发育：体重4.8kg，身长60.5cm\n运动能力：可以抬头90度，开始尝试翻身\n感知发展：会追视移动物体，对声音有定向反应\n社交表现：看到人会微笑，发出"啊、哦"的声音\n\n最让我感动的是每次她看到我都会甜甜地笑，所有的辛苦都值得了。',
1, 2, '2025-12-19 10:00:00', '2025-12-19 10:00:00', 0),

(6,  2, 3, 3, '宝宝发热38度以下的家庭护理方法',
'悦悦前几天轻微发热，分享我的护理经验：\n\n1. 保持室温在22-24°C，不要捂汗\n2. 多次少量地喂水或母乳\n3. 穿宽松透气的衣服\n4. 物理降温：温水毛巾擦额头、腋下（已不推荐酒精擦浴）\n5. 观察精神状态，如果精神好一般不用特别担心\n\n超过38.5°C建议服用对乙酰氨基酚并及时就医。',
1, 1, '2025-12-20 10:00:00', '2025-12-20 10:00:00', 0),

(7,  8, 1, 2, '1岁宝宝从瓶喂过渡到杯喝的经验',
'天意满1岁后我们开始训练他用杯子喝奶：\n\n第1周：用鸭嘴杯代替奶瓶，外形相似更容易接受\n第2周：换成吸管杯，开始学习吸吮\n第3周：尝试敞口杯，虽然会洒但要给他练习的机会\n\n关键是不要急于求成，每天练习几分钟就好。现在天意已经能用吸管杯自己喝水了。',
1, 1, '2025-12-22 11:00:00', '2025-12-22 11:00:00', 0),

(8,  9, 2, 3, '宝宝夜醒频繁怎么办？求助！',
'小柠最近突然开始频繁夜醒，从之前的一觉到天亮变成了每2小时醒一次，而且醒了就哭要抱。\n\n已经排除了：饿了、尿了、冷了热了、生病等原因。\n\n有经验的妈妈们有什么建议吗？是睡眠倒退期吗？大概多久能过去？',
1, 3, '2025-12-23 15:00:00', '2025-12-23 15:00:00', 0),

(9,  5, 5, 4, '记录思远的第一次游泳体验',
'今天带思远去了婴儿游泳馆，他的表现让我惊讶：\n\n一入水就兴奋地蹬腿，完全不怕水！教练说他的水性很好，比很多同龄宝宝适应得快。游了20分钟后他还不想出来，在水里开心地笑。\n\n推荐给各位家长，婴儿游泳对宝宝的运动发育和感觉统合都有好处。',
1, 2, '2025-12-24 14:00:00', '2025-12-24 14:00:00', 0),

(10, 4, 4, 5, '1岁宝宝绘本推荐Top10',
'小雅特别爱看绘本，整理一下她最喜欢的10本：\n\n1.《好饿的毛毛虫》- 经典中的经典\n2.《猜猜我有多爱你》- 亲子情感\n3.《棕色的熊你在看什么》- 颜色认知\n4.《小金鱼逃走了》- 找一找游戏\n5.《蹦》- 简单有趣的动作书\n6.《噗噗噗》- 拟声词启蒙\n7.《点点点》- 互动绘本\n8.《抱抱》- 温馨的拥抱故事\n9.《小蓝和小黄》- 颜色混合\n10.《月亮的味道》- 合作与分享',
1, 2, '2025-12-25 16:00:00', '2025-12-25 16:00:00', 0),

(11, 3, 3, 3, '关于宝宝出牙期的几个问题请教',
'一诺最近开始出牙了，有几个困扰想问问大家：\n\n1. 出牙期流口水特别多，下巴都红了怎么办？\n2. 他总爱咬东西，牙胶冰过后给他咬可以吗？\n3. 出牙期会影响食欲吗？这几天他吃饭明显少了\n4. 第一颗牙出来后就需要开始刷牙吗？\n\n谢谢各位有经验的爸妈指导！',
1, 2, '2025-12-28 09:00:00', '2025-12-28 09:00:00', 0),

(12, 6, 1, 1, '纯母乳喂养4个月的心路历程',
'从产后的涨奶到堵奶，从夜奶到追奶，4个月下来终于实现了纯母乳喂养。\n\n最难的是月子里那几天，每2小时喂一次，睡眠严重不足。但看到果果在我怀里满足地吃奶，一切都值了。\n\n给正在坚持母乳的妈妈们：相信自己，多喂多吸就是最好的追奶方法！',
1, 1, '2026-01-05 10:00:00', '2026-01-05 10:00:00', 0),

(13, 2, 5, 2, '两个孩子怎么平衡关注度',
'家里有两个宝宝——悦悦6个月，浩宇2岁。最近大宝开始吃醋了，每次我抱妹妹他就不高兴。\n\n我的做法：\n1. 每天固定留出只属于大宝的专属时间\n2. 让大宝参与照顾妹妹（递尿不湿等简单任务）\n3. 夸奖大宝是"好哥哥"\n4. 睡前故事两个人都要听到\n\n虽然还是偶尔会争风吃醋，但明显好多了。',
1, 1, '2026-01-10 15:00:00', '2026-01-10 15:00:00', 0),

(14, 8, 5, 4, '天意1岁啦！回顾这一年的成长',
'时间过得好快，天意已经1岁啦！回顾这一年：\n\n3个月：会笑出声\n5个月：第一次翻身\n7个月：能坐稳了\n9个月：会爬了\n11个月：扶着家具走\n12个月：会叫爸爸妈妈\n\n从一个只会哭的小baby，长成了活泼好动的小男孩。谢谢你来到我们的生活，生日快乐！',
1, 3, '2026-01-15 10:00:00', '2026-01-15 10:00:00', 0),

(15, 9, 3, 3, '宝宝湿疹反复发作求建议',
'小柠的湿疹一直反反复复，用了各种药膏效果都不持久。\n\n目前的护理方案：\n- 每天2次涂凡士林保湿\n- 严重时用地奈德乳膏\n- 洗澡水温控制在37°C以下\n- 纯棉衣物\n\n但还是经常复发，有没有哪位家长有更好的方法？',
1, 2, '2026-01-18 09:00:00', '2026-01-18 09:00:00', 0);

-- 帖子标签关联
INSERT INTO post_tag_rel (id, post_id, tag_id) VALUES
(1,  1,  1), (2,  1,  2),
(3,  2,  5),
(4,  3,  4),
(5,  4,  9),
(6,  5,  7),
(7,  6,  4),
(8,  7,  2), (9,  7,  3),
(10, 8,  5),
(11, 9,  9),
(12, 10, 8),
(13, 11, 6),
(14, 12, 1),
(15, 13, 9),
(16, 14, 7),
(17, 15, 10);

-- ============================================================
-- 评论 (75条, 每个帖子3-6条)
-- ============================================================
INSERT INTO post_comment (id, post_id, user_id, parent_id, reply_to_user_id, content, status, created_at, updated_at, deleted) VALUES
-- 帖子1 (6条)
(1,  1, 3, NULL, NULL, '李明爸爸写得太好了！我老公也是这样做的，爸爸的参与真的很重要。', 1, '2025-12-15 12:00:00', '2025-12-15 12:00:00', 0),
(2,  1, 4, 1,    3,    '同感！我们家爸爸负责夜奶后的拍嗝，让我能多睡一会。', 1, '2025-12-15 12:30:00', '2025-12-15 12:30:00', 0),
(3,  1, 5, NULL, NULL, '收藏了！准备转发给我老公看看，他一直觉得喂奶是妈妈的事。', 1, '2025-12-15 14:00:00', '2025-12-15 14:00:00', 0),
(4,  1, 8, NULL, NULL, '爸爸们加油！母乳喂养需要全家人的支持，我也是全程参与的。', 1, '2025-12-15 16:00:00', '2025-12-15 16:00:00', 0),
(5,  1, 6, 3,    5,    '我也收藏了，准备打印出来贴冰箱上！哈哈', 1, '2025-12-15 17:00:00', '2025-12-15 17:00:00', 0),
(6,  1, 9, NULL, NULL, '第5点说得好！很多爸爸忽略了妈妈的心理状态，产后情绪波动是很正常的。', 1, '2025-12-15 18:00:00', '2025-12-15 18:00:00', 0),
-- 帖子2 (5条)
(7,  2, 2, NULL, NULL, '这个作息表很科学！我也想试试固定的睡前仪式。请问多大开始比较好？', 1, '2025-12-16 12:00:00', '2025-12-16 12:00:00', 0),
(8,  2, 6, NULL, NULL, '请问睡前仪式大概用多长时间？我家果果总是兴奋得不肯睡。', 1, '2025-12-16 13:00:00', '2025-12-16 13:00:00', 0),
(9,  2, 3, 8,    6,    '我们大概30分钟左右。洗澡10分钟，按摩5分钟，读绘本10分钟，最后哄睡5分钟。', 1, '2025-12-16 13:30:00', '2025-12-16 13:30:00', 0),
(10, 2, 4, NULL, NULL, '我们也是这样的作息，午睡2小时刚刚好，太长了晚上就不好睡了。', 1, '2025-12-16 15:00:00', '2025-12-16 15:00:00', 0),
(11, 2, 8, 7,    2,    '4-5个月就可以开始建立了，越早越好，宝宝越容易养成习惯。', 1, '2025-12-16 16:00:00', '2025-12-16 16:00:00', 0),
-- 帖子3 (5条)
(12, 3, 5, NULL, NULL, '非常实用！刚好下周要带宝宝去打疫苗，先收藏了。', 1, '2025-12-17 12:00:00', '2025-12-17 12:00:00', 0),
(13, 3, 9, 12,   5,    '自费的13价肺炎要不要打呢？比较纠结价格和效果。', 1, '2025-12-17 12:30:00', '2025-12-17 12:30:00', 0),
(14, 3, 4, 13,   9,    '建议打，我们小雅打了没什么反应，保护力比较好。流感肺炎球菌感染很常见的。', 1, '2025-12-17 13:00:00', '2025-12-17 13:00:00', 0),
(15, 3, 2, NULL, NULL, '补充一下：接种当天尽量不要洗澡，24小时内注意观察注射部位有没有红肿。', 1, '2025-12-17 14:00:00', '2025-12-17 14:00:00', 0),
(16, 3, 6, NULL, NULL, '谢谢整理！我把这个时间表存手机备忘录了，每次打完疫苗就标记一下。', 1, '2025-12-17 15:00:00', '2025-12-17 15:00:00', 0),
-- 帖子4 (4条)
(17, 4, 3, NULL, NULL, '叠叠乐套圈我也买了，一诺很喜欢！每天能玩半小时。', 1, '2025-12-18 12:00:00', '2025-12-18 12:00:00', 0),
(18, 4, 6, NULL, NULL, '布质翻翻书推荐！果果最爱啃书了，纸质的全被撕了。', 1, '2025-12-18 13:00:00', '2025-12-18 13:00:00', 0),
(19, 4, 2, NULL, NULL, '触感球那个我们也有，不同材质的确实能刺激宝宝的触觉发展。', 1, '2025-12-18 14:00:00', '2025-12-18 14:00:00', 0),
(20, 4, 8, 17,   3,    '我家天意也爱叠叠乐，不过他更喜欢拆开往地上丢，哈哈。', 1, '2025-12-18 15:00:00', '2025-12-18 15:00:00', 0),
-- 帖子5 (4条)
(21, 5, 2, NULL, NULL, '果果好可爱！60cm在4个月中算正常偏上了，继续加油！', 1, '2025-12-19 12:00:00', '2025-12-19 12:00:00', 0),
(22, 5, 9, NULL, NULL, '每次看到宝宝笑，真的什么疲惫都忘了。那种纯真的笑容太治愈了。', 1, '2025-12-19 14:00:00', '2025-12-19 14:00:00', 0),
(23, 5, 4, NULL, NULL, '果果发育得很好呢，追视和定向反应说明视听觉发展都不错！', 1, '2025-12-19 15:00:00', '2025-12-19 15:00:00', 0),
(24, 5, 8, 21,   2,    '我家天意4个月的时候差不多也是这个身高，现在1岁了77cm了。', 1, '2025-12-19 16:00:00', '2025-12-19 16:00:00', 0),
-- 帖子6 (4条)
(25, 6, 4, NULL, NULL, '物理降温方法很实用，记下来了。之前不知道酒精擦浴已经不推荐了。', 1, '2025-12-20 12:00:00', '2025-12-20 12:00:00', 0),
(26, 6, 3, NULL, NULL, '补充一点：如果宝宝手脚冰凉但额头烫，说明正在升温期，可以适当添衣。', 1, '2025-12-20 13:00:00', '2025-12-20 13:00:00', 0),
(27, 6, 9, NULL, NULL, '请问退热贴有用吗？我看有些医生说退热贴没什么实际降温效果。', 1, '2025-12-20 14:00:00', '2025-12-20 14:00:00', 0),
(28, 6, 2, 27,   9,    '退热贴主要是心理安慰作用，真正有效的还是药物退热和物理擦浴。', 1, '2025-12-20 15:00:00', '2025-12-20 15:00:00', 0),
-- 帖子7 (4条)
(29, 7, 3, NULL, NULL, '我家一诺也在从奶瓶过渡，正好参考一下。鸭嘴杯这个思路不错。', 1, '2025-12-22 13:00:00', '2025-12-22 13:00:00', 0),
(30, 7, 4, NULL, NULL, '我们直接跳过了鸭嘴杯阶段，从奶瓶直接换吸管杯，也可以的。', 1, '2025-12-22 14:00:00', '2025-12-22 14:00:00', 0),
(31, 7, 6, NULL, NULL, '果果才4个月，先收藏以后用。请问吸管杯推荐哪个牌子？', 1, '2025-12-22 15:00:00', '2025-12-22 15:00:00', 0),
(32, 7, 8, 31,   6,    '我们用的利其尔的，防漏效果很好，天意很快就学会了。', 1, '2025-12-22 16:00:00', '2025-12-22 16:00:00', 0),
-- 帖子8 (5条, 夜醒求助)
(33, 8, 2, NULL, NULL, '我家悦悦也经历过，持续了大约2周就好了。关键是保持一致的安抚方式，不要频繁换方法。', 1, '2025-12-23 16:00:00', '2025-12-23 16:00:00', 0),
(34, 8, 4, NULL, NULL, '可能是睡眠倒退期或者在学新技能（比如翻身），耐心等待就好。', 1, '2025-12-23 17:00:00', '2025-12-23 17:00:00', 0),
(35, 8, 6, 33,   2,    '谢谢分享！那2周里你们是怎么安抚的？是抱起来还是拍拍就行？', 1, '2025-12-23 18:00:00', '2025-12-23 18:00:00', 0),
(36, 8, 2, 35,   6,    '我们是先拍拍看，实在不行就抱起来轻轻摇，但不开灯不说话。', 1, '2025-12-23 19:00:00', '2025-12-23 19:00:00', 0),
(37, 8, 5, NULL, NULL, '我们家也是这样的，后来发现是出牙引起的，给了冰凉的牙胶就好多了。', 1, '2025-12-23 20:00:00', '2025-12-23 20:00:00', 0),
-- 帖子9 (4条)
(38, 9, 3, NULL, NULL, '婴儿游泳对宝宝真的好！一诺也在游，每次都很开心。', 1, '2025-12-24 15:00:00', '2025-12-24 15:00:00', 0),
(39, 9, 8, NULL, NULL, '请问宝宝多大开始游泳比较合适？天意快走路了想带他去试试。', 1, '2025-12-24 16:00:00', '2025-12-24 16:00:00', 0),
(40, 9, 5, 39,   8,    '一般3个月以上就可以了，不过1岁以上效果更好，因为宝宝更能互动。', 1, '2025-12-24 17:00:00', '2025-12-24 17:00:00', 0),
(41, 9, 4, NULL, NULL, '游泳馆记得选有资质的，水温和卫生条件很重要！我们之前去的一家水温偏低。', 1, '2025-12-24 18:00:00', '2025-12-24 18:00:00', 0),
-- 帖子10 (5条)
(42, 10, 2, NULL, NULL, '《好饿的毛毛虫》浩宇也超级爱！翻了无数遍页面都卷了。', 1, '2025-12-25 17:00:00', '2025-12-25 17:00:00', 0),
(43, 10, 6, NULL, NULL, '棕色的熊这本果果很喜欢，每次翻到动物都会兴奋地拍手叫。', 1, '2025-12-25 18:00:00', '2025-12-25 18:00:00', 0),
(44, 10, 3, NULL, NULL, '《蹦》这本一诺特别喜欢，每次读到"蹦"就自己蹦一下，太可爱了。', 1, '2025-12-25 19:00:00', '2025-12-25 19:00:00', 0),
(45, 10, 9, NULL, NULL, '《小金鱼逃走了》我们也有，找一找类型的绘本确实能锻炼观察力。', 1, '2025-12-25 20:00:00', '2025-12-25 20:00:00', 0),
(46, 10, 5, 42,   2,    '我家思远也爱翻洞洞，手指头戳来戳去的。这本绘本的设计真的很巧妙。', 1, '2025-12-25 21:00:00', '2025-12-25 21:00:00', 0),
-- 帖子11 (4条)
(47, 11, 4, NULL, NULL, '出牙期流口水可以用温水清洗后涂凡士林保护皮肤，围嘴也要勤换。', 1, '2025-12-28 10:00:00', '2025-12-28 10:00:00', 0),
(48, 11, 8, NULL, NULL, '牙胶冰过后给宝宝咬可以缓解不适的，我家天意出牙那会儿特别管用。', 1, '2025-12-28 11:00:00', '2025-12-28 11:00:00', 0),
(49, 11, 2, NULL, NULL, '出牙后就要开始用纱布或指套牙刷帮宝宝清洁了，早养成习惯好。', 1, '2025-12-28 12:00:00', '2025-12-28 12:00:00', 0),
(50, 11, 5, 47,   4,    '凡士林确实好用！我们之前用了好多口水巾品牌都不行，最后还是凡士林管用。', 1, '2025-12-28 13:00:00', '2025-12-28 13:00:00', 0),
-- 帖子12 (4条)
(51, 12, 3, NULL, NULL, '姐妹辛苦了！坚持母乳真的不容易，月子里那段时间我也哭过好几次。', 1, '2026-01-05 12:00:00', '2026-01-05 12:00:00', 0),
(52, 12, 9, NULL, NULL, '相信自己这句话说得好！很多妈妈产后焦虑奶量不够，其实多吸就会多产。', 1, '2026-01-05 13:00:00', '2026-01-05 13:00:00', 0),
(53, 12, 4, NULL, NULL, '我当时也是堵奶了好几次，找了催乳师才通的。建议大家提前学会正确的哺乳姿势。', 1, '2026-01-05 14:00:00', '2026-01-05 14:00:00', 0),
(54, 12, 5, 51,   3,    '我老婆也是这样的，新手妈妈真的太不容易了，要给她们更多理解和支持。', 1, '2026-01-05 15:00:00', '2026-01-05 15:00:00', 0),
-- 帖子13 (4条)
(55, 13, 4, NULL, NULL, '让大宝参与照顾小宝宝这个方法很棒！我们也是这样做的，大宝觉得自己很重要。', 1, '2026-01-10 16:00:00', '2026-01-10 16:00:00', 0),
(56, 13, 3, NULL, NULL, '专属时间很重要！我们是每天睡前给一诺讲一个只属于他的故事。', 1, '2026-01-10 17:00:00', '2026-01-10 17:00:00', 0),
(57, 13, 9, NULL, NULL, '这个话题太有共鸣了！我们家虽然只有一个宝宝，但亲戚家二胎就有这个问题。', 1, '2026-01-10 18:00:00', '2026-01-10 18:00:00', 0),
(58, 13, 8, 55,   4,    '我们也让天意帮忙递东西，虽然经常递错但他特别有成就感。', 1, '2026-01-10 19:00:00', '2026-01-10 19:00:00', 0),
-- 帖子14 (5条)
(59, 14, 2, NULL, NULL, '天意生日快乐！感觉男孩子的运动发展好快，7个月就能坐稳了。', 1, '2026-01-15 12:00:00', '2026-01-15 12:00:00', 0),
(60, 14, 3, NULL, NULL, '生日快乐！一年的成长记录好珍贵，拍了好多照片吧？', 1, '2026-01-15 13:00:00', '2026-01-15 13:00:00', 0),
(61, 14, 6, NULL, NULL, '好感动！你们记录得好详细，我也要好好记录果果的成长，以后给她看。', 1, '2026-01-15 14:00:00', '2026-01-15 14:00:00', 0),
(62, 14, 4, NULL, NULL, '12颗牙！我家小雅15个月才出了8颗，每个宝宝节奏不一样。', 1, '2026-01-15 15:00:00', '2026-01-15 15:00:00', 0),
(63, 14, 5, 60,   3,    '我也建议大家用APP记录，我每周都给思远拍一张同角度的照片，后面做成了视频特别有纪念意义。', 1, '2026-01-15 16:00:00', '2026-01-15 16:00:00', 0),
-- 帖子15 (5条)
(64, 15, 4, NULL, NULL, '我们家小雅也有湿疹，后来发现是对某种洗衣液过敏。换了一种婴儿专用的就好了。', 1, '2026-01-18 10:00:00', '2026-01-18 10:00:00', 0),
(65, 15, 2, NULL, NULL, '除了保湿，室内湿度也很重要，建议用加湿器保持在50-60%。', 1, '2026-01-18 11:00:00', '2026-01-18 11:00:00', 0),
(66, 15, 3, NULL, NULL, '一诺小时候也有湿疹，我们用了丝塔芙的润肤霜效果不错，厚厚地涂。', 1, '2026-01-18 12:00:00', '2026-01-18 12:00:00', 0),
(67, 15, 8, 64,   4,    '你们用什么洗衣液？我们也想换，天意偶尔也会长一些红疹。', 1, '2026-01-18 13:00:00', '2026-01-18 13:00:00', 0),
(68, 15, 4, 67,   8,    '我们用的保宁B&B婴儿洗衣液，无荧光剂无香精，推荐试试。', 1, '2026-01-18 14:00:00', '2026-01-18 14:00:00', 0);

-- 更新帖子评论数
UPDATE post SET comment_count = 6  WHERE id = 1;
UPDATE post SET comment_count = 5  WHERE id = 2;
UPDATE post SET comment_count = 5  WHERE id = 3;
UPDATE post SET comment_count = 4  WHERE id = 4;
UPDATE post SET comment_count = 4  WHERE id = 5;
UPDATE post SET comment_count = 4  WHERE id = 6;
UPDATE post SET comment_count = 4  WHERE id = 7;
UPDATE post SET comment_count = 5  WHERE id = 8;
UPDATE post SET comment_count = 4  WHERE id = 9;
UPDATE post SET comment_count = 5  WHERE id = 10;
UPDATE post SET comment_count = 4  WHERE id = 11;
UPDATE post SET comment_count = 4  WHERE id = 12;
UPDATE post SET comment_count = 4  WHERE id = 13;
UPDATE post SET comment_count = 5  WHERE id = 14;
UPDATE post SET comment_count = 5  WHERE id = 15;

-- ============================================================
-- 举报
-- ============================================================
INSERT INTO content_report (id, reporter_id, post_id, comment_id, reason, reason_desc, status, handled_by, handled_at, handle_result, handle_note, created_at, updated_at, deleted) VALUES
(1, 3, NULL, NULL, 6, '测试举报数据', 2, 1, '2025-12-20 09:00:00', 1, '测试忽略', '2025-12-20 08:30:00', '2025-12-20 09:00:00', 0);

-- ============================================================
-- 审计
-- ============================================================
INSERT INTO content_audit (id, operator_id, post_id, comment_id, report_id, action, reason, created_at) VALUES
(1,  1, 1,  NULL, NULL, 1, '审核通过', '2025-12-15 10:30:00'),
(2,  1, 2,  NULL, NULL, 1, '审核通过', '2025-12-16 10:30:00'),
(3,  1, 3,  NULL, NULL, 1, '审核通过', '2025-12-17 10:30:00'),
(4,  1, 4,  NULL, NULL, 1, '审核通过', '2025-12-18 10:30:00'),
(5,  1, 5,  NULL, NULL, 1, '审核通过', '2025-12-19 10:30:00'),
(6,  1, 6,  NULL, NULL, 1, '审核通过', '2025-12-20 10:30:00'),
(7,  1, 7,  NULL, NULL, 1, '审核通过', '2025-12-22 11:30:00'),
(8,  1, 8,  NULL, NULL, 1, '审核通过', '2025-12-23 15:30:00'),
(9,  1, 9,  NULL, NULL, 1, '审核通过', '2025-12-24 14:30:00'),
(10, 1, 10, NULL, NULL, 1, '审核通过', '2025-12-25 16:30:00'),
(11, 1, 11, NULL, NULL, 1, '审核通过', '2025-12-28 09:30:00'),
(12, 1, 12, NULL, NULL, 1, '审核通过', '2026-01-05 10:30:00'),
(13, 1, 13, NULL, NULL, 1, '审核通过', '2026-01-10 15:30:00'),
(14, 1, 14, NULL, NULL, 1, '审核通过', '2026-01-15 10:30:00'),
(15, 1, 15, NULL, NULL, 1, '审核通过', '2026-01-18 09:30:00');

